{
  "fileName" : "data\\test-tweets\\smol\\10.jsonl",
  "tweets" : [ {
    "tweet_id" : 1133705772246786049,
    "tweet_text" : "Waking to smoky sunrise in Calgary today   eery, but beautiful yycweather sunrise abfire ",
    "features" : {
      "numb_of_urls" : null,
      "numb_of_hashtags" : 3.0,
      "numb_of_personal_pronouns" : 0.0,
      "numb_of_present_tenses" : 0.0,
      "weighted_length" : 115.0,
      "permillage" : 410.0,
      "tweet_created_at" : 1.559131493E12,
      "tweet_id_str" : 1.13370577224678605E18,
      "positive_sentiment" : 0.0,
      "negative_sentiment" : 0.0,
      "numb_of_mentions" : 0.0,
      "numb_of_media" : 1.0,
      "numb_of_past_tenses" : 0.0,
      "numb_of_weird_chars" : 16.0,
      "numb_of_questions" : 0.0,
      "numb_of_emoticons" : 0.0,
      "numb_of_swearing_word" : 0.0,
      "numb_of_slang_words" : 0.0,
      "numb_of_intensifiers" : 0.0,
      "tweet_length" : 89.0,
      "userFollowersCount" : 15.0,
      "userFriendsCount" : 81.0,
      "user_numb_of_tweets" : 0.0,
      "user_list_count" : 0.0,
      "dict_precision" : 0.0,
      "dict_recall" : 0.0,
      "dict_f_measure" : 0.0,
      "offset" : 0.0,
      "is_verified" : 0.0
    },
    "tfIdf" : {
      "beautiful" : 0.10986123,
      "sunrise" : 0.21972246,
      "smoky" : 0.10986123,
      "Calgary" : 0.10986123,
      "today" : 0.10986123,
      "eery" : 0.10986123,
      "abfire" : 0.04054651,
      "yycweather" : 0.10986123,
      "Waking" : 0.10986123
    },
    "offset" : 511147.0,
    "sentiment" : " -0,20 , 0,06 , 0,11 , -0,11 , 0,03 , 0,02 , 0,01 , -0,23 , 0,09 , -0,03 , -0,11 , 0,04 , -0,05 , -0,01 , 0,06 , 0,06 , -0,04 , 0,04 , -0,07 , -0,02 , 0,12 , 0,03 , -0,03 , 0,02 , -0,06 ",
    "embeddings" : "{1.7785985,3.1451268,-5.3303847,0.53038704,3.8427823,-2.587076,-5.077908,0.515931,-0.96028394,1.315377,-0.48424906,-4.395114,0.48587003,0.4648,1.71806,2.9847395,-0.88456607,2.154414,-7.955323,-2.07612,0.93577504,7.25449,0.64885795,0.54087293,2.820752,-8.263767,-2.6968079,6.376734,4.811946,-2.188677,23.835411,1.9217697,-1.358335,-3.0902748,-0.40446,-2.4952362,0.450176,-1.483361,3.6228821,0.669848,-2.7129738,0.13766381,-2.03385,-0.59648,-2.563134,3.8937702,0.37940502,-5.230379,-0.48351637,0.18215394,}"
  }, {
    "tweet_id" : 1134018172309295104,
    "tweet_text" : "BREAKING  Hundreds of evacuees in Calling Lake after mandatory evacuation called in Wabasca abfire Alberta ",
    "features" : {
      "numb_of_urls" : null,
      "numb_of_hashtags" : 2.0,
      "numb_of_personal_pronouns" : 0.0,
      "numb_of_present_tenses" : 0.0,
      "weighted_length" : 133.0,
      "permillage" : 475.0,
      "tweet_created_at" : 1.559205975E12,
      "tweet_id_str" : 1.1340181723092951E18,
      "positive_sentiment" : 0.0,
      "negative_sentiment" : 0.0,
      "numb_of_mentions" : 0.0,
      "numb_of_media" : 0.0,
      "numb_of_past_tenses" : 0.0,
      "numb_of_weird_chars" : 16.0,
      "numb_of_questions" : 0.0,
      "numb_of_emoticons" : 0.0,
      "numb_of_swearing_word" : 0.0,
      "numb_of_slang_words" : 0.0,
      "numb_of_intensifiers" : 0.0,
      "tweet_length" : 107.0,
      "userFollowersCount" : 865.0,
      "userFriendsCount" : 50.0,
      "user_numb_of_tweets" : 0.0,
      "user_list_count" : 30.0,
      "dict_precision" : 0.0,
      "dict_recall" : 0.0,
      "dict_f_measure" : 0.0,
      "offset" : 0.0,
      "is_verified" : 0.0
    },
    "tfIdf" : {
      "evacuation" : 0.10986123,
      "BREAKING" : 0.10986123,
      "Alberta" : 0.04054651,
      "evacuees" : 0.10986123,
      "Calling" : 0.10986123,
      "Lake" : 0.10986123,
      "abfire" : 0.04054651,
      "Hundreds" : 0.10986123,
      "mandatory" : 0.10986123,
      "Wabasca" : 0.10986123
    },
    "offset" : 585629.0,
    "sentiment" : " -0,21 , 0,07 , 0,21 , -0,06 , 0,05 , -0,01 , 0,09 , -0,47 , 0,10 , 0,05 , -0,20 , -0,11 , -0,02 , 0,17 , 0,17 , -0,01 , -0,09 , -0,01 , -0,06 , 0,15 , 0,41 , 0,04 , -0,16 , -0,08 , -0,10 ",
    "embeddings" : "{4.7370405,2.1589317,-2.065543,-3.1837502,-3.8683202,0.47769997,-6.617863,3.462947,3.8819861,-3.5452929,-1.3181751,-6.2461634,3.562616,-2.255658,3.2288997,-0.015841484,1.6534369,-1.1792419,-6.28731,-0.661687,2.9251008,-0.839483,-0.8974989,-1.0560035,-2.4011703,-16.306622,1.014423,1.453604,1.0777481,0.011100113,32.88579,0.25475445,-4.4075875,-4.7250967,0.11590999,1.5613207,3.4752338,-2.5938466,1.848464,3.0336828,-5.678509,2.1835423,2.3010478,-1.2485831,-2.7621722,1.2965181,-5.134682,-2.6551764,-2.0404568,-4.251936,}"
  }, {
    "tweet_id" : 1131561862343086081,
    "tweet_text" : "High Level wildfire crews fight fire with fire to protect Alberta town ",
    "features" : {
      "numb_of_urls" : null,
      "numb_of_hashtags" : 0.0,
      "numb_of_personal_pronouns" : 0.0,
      "numb_of_present_tenses" : 0.0,
      "weighted_length" : 94.0,
      "permillage" : 335.0,
      "tweet_created_at" : 1.558620346E12,
      "tweet_id_str" : 1.13156186234308608E18,
      "positive_sentiment" : 0.0,
      "negative_sentiment" : 0.0,
      "numb_of_mentions" : 0.0,
      "numb_of_media" : 0.0,
      "numb_of_past_tenses" : 0.0,
      "numb_of_weird_chars" : 12.0,
      "numb_of_questions" : 0.0,
      "numb_of_emoticons" : 0.0,
      "numb_of_swearing_word" : 0.0,
      "numb_of_slang_words" : 0.0,
      "numb_of_intensifiers" : 0.0,
      "tweet_length" : 71.0,
      "userFollowersCount" : 1295.0,
      "userFriendsCount" : 1348.0,
      "user_numb_of_tweets" : 0.0,
      "user_list_count" : 57.0,
      "dict_precision" : 0.0,
      "dict_recall" : 0.0,
      "dict_f_measure" : 0.0,
      "offset" : 0.0,
      "is_verified" : 1.0
    },
    "tfIdf" : {
      "High" : 0.13732654,
      "town" : 0.13732654,
      "Alberta" : 0.050683137,
      "wildfire" : 0.13732654,
      "crews" : 0.13732654,
      "Level" : 0.13732654,
      "protect" : 0.13732654,
      "fight" : 0.13732654
    },
    "offset" : 0.0,
    "sentiment" : " -0,18 , 0,02 , 0,14 , -0,09 , -0,00 , 0,09 , 0,10 , -0,23 , 0,07 , 0,13 , -0,19 , -0,04 , -0,07 , 0,10 , -0,07 , -0,03 , -0,03 , 0,08 , -0,02 , 0,05 , 0,17 , 0,03 , -0,02 , -0,05 , 0,03 ",
    "embeddings" : "{2.97405,-0.41674098,1.8703463,-2.558454,-1.5693818,-0.615715,-5.20854,1.8524354,2.39962,-5.125714,-0.71011895,-5.578645,-0.4592833,-2.8648381,-1.592996,1.035956,3.290257,3.5242133,-8.679389,-3.8859525,0.1470001,2.7538762,-0.79307103,-1.2947989,-2.114899,-16.14021,1.9168301,1.6584423,5.224292,-0.50903004,33.581413,1.5005536,-4.6119843,-7.2067556,0.682883,4.3999195,-0.11548993,-3.9352207,4.320335,-0.14598578,-3.7672048,0.16428995,2.4351277,-1.8204299,1.3995962,1.908064,-1.961153,-3.1902032,0.07204503,-2.7900722,}"
  } ]
}
